Date,Type,Category,Value
2019-01-01,Predicted,Minerals,66819728.1161485
2019-02-01,Predicted,Minerals,65595613.34903909
2019-03-01,Predicted,Minerals,68714903.88908842
2019-04-01,Predicted,Minerals,69200355.0232862
2019-05-01,Predicted,Minerals,74043045.27807476
2019-06-01,Predicted,Minerals,72260581.1402414
2019-07-01,Predicted,Minerals,69526277.33067341
2019-08-01,Predicted,Minerals,69589638.08585276
2019-09-01,Predicted,Minerals,64084868.58189201
2019-10-01,Predicted,Minerals,65606507.066052705
2019-11-01,Predicted,Minerals,64010586.63287121
2019-12-01,Predicted,Minerals,67078418.478486985
2019-01-01,Real,Minerals,70402944.14478493
2019-02-01,Real,Minerals,64868057.596699476
2019-03-01,Real,Minerals,70664231.13539822
2019-04-01,Real,Minerals,71592485.74222875
2019-05-01,Real,Minerals,74994533.31909329
2019-06-01,Real,Minerals,67484428.95596549
2019-07-01,Real,Minerals,69902700.51868068
2019-08-01,Real,Minerals,67844756.18668252
2019-09-01,Real,Minerals,62225237.46460708
2019-10-01,Real,Minerals,64742674.36817518
2019-11-01,Real,Minerals,64961201.96971496
2019-12-01,Real,Minerals,69572927.58015494
2019-01-01,Predicted,Base Metals,9875739.249528514
2019-02-01,Predicted,Base Metals,10544777.53883356
2019-03-01,Predicted,Base Metals,10922961.413430566
2019-04-01,Predicted,Base Metals,10813355.752056535
2019-05-01,Predicted,Base Metals,11074897.871869665
2019-06-01,Predicted,Base Metals,10369757.76209109
2019-07-01,Predicted,Base Metals,10479993.105009507
2019-08-01,Predicted,Base Metals,9723557.12069965
2019-09-01,Predicted,Base Metals,9830287.04988713
2019-10-01,Predicted,Base Metals,10077291.163885076
2019-11-01,Predicted,Base Metals,9638779.141270086
2019-12-01,Predicted,Base Metals,8590213.830322746
2019-01-01,Real,Base Metals,11344685.611764707
2019-02-01,Real,Base Metals,10180133.31484759
2019-03-01,Real,Base Metals,10833989.135934992
2019-04-01,Real,Base Metals,10900698.261332007
2019-05-01,Real,Base Metals,10938040.47039051
2019-06-01,Real,Base Metals,10150241.35828122
2019-07-01,Real,Base Metals,10709721.69585706
2019-08-01,Real,Base Metals,9516142.196205087
2019-09-01,Real,Base Metals,9858592.573216269
2019-10-01,Real,Base Metals,10084566.019685429
2019-11-01,Real,Base Metals,9416751.817149175
2019-12-01,Real,Base Metals,8764901.863315245
2019-01-01,Predicted,Chemicals and Plastics,14946455.558459163
2019-02-01,Predicted,Chemicals and Plastics,14827407.194950052
2019-03-01,Predicted,Chemicals and Plastics,15774284.87397135
2019-04-01,Predicted,Chemicals and Plastics,15418675.047239177
2019-05-01,Predicted,Chemicals and Plastics,15770091.56131705
2019-06-01,Predicted,Chemicals and Plastics,15227698.091852915
2019-07-01,Predicted,Chemicals and Plastics,15575568.229397407
2019-08-01,Predicted,Chemicals and Plastics,15134175.086697096
2019-09-01,Predicted,Chemicals and Plastics,14904902.608783776
2019-10-01,Predicted,Chemicals and Plastics,15741272.238503534
2019-11-01,Predicted,Chemicals and Plastics,15178451.789624931
2019-12-01,Predicted,Chemicals and Plastics,13858156.086233692
2019-01-01,Real,Chemicals and Plastics,15681545.522612482
2019-02-01,Real,Chemicals and Plastics,14495987.368704615
2019-03-01,Real,Chemicals and Plastics,15896310.518469736
2019-04-01,Real,Chemicals and Plastics,15419740.4459194
2019-05-01,Real,Chemicals and Plastics,15733883.04643469
2019-06-01,Real,Chemicals and Plastics,14890520.549755005
2019-07-01,Real,Chemicals and Plastics,16086211.137600567
2019-08-01,Real,Chemicals and Plastics,14692938.355442794
2019-09-01,Real,Chemicals and Plastics,15130435.624924636
2019-10-01,Real,Chemicals and Plastics,15873533.96203956
2019-11-01,Real,Chemicals and Plastics,14738575.804513078
2019-12-01,Real,Chemicals and Plastics,13960430.91892712
